# ************************************************************
# Sequel Pro SQL dump
# Version 4541
#
# http://www.sequelpro.com/
# https://github.com/sequelpro/sequelpro
#
# Host: 127.0.0.1 (MySQL 5.7.21)
# Database: commercial_people
# Generation Time: 2018-08-09 17:11:22 +0000
# ************************************************************


/*!40101 SET @OLD_CHARACTER_SET_CLIENT=@@CHARACTER_SET_CLIENT */;
/*!40101 SET @OLD_CHARACTER_SET_RESULTS=@@CHARACTER_SET_RESULTS */;
/*!40101 SET @OLD_COLLATION_CONNECTION=@@COLLATION_CONNECTION */;
/*!40101 SET NAMES utf8 */;
/*!40014 SET @OLD_FOREIGN_KEY_CHECKS=@@FOREIGN_KEY_CHECKS, FOREIGN_KEY_CHECKS=0 */;
/*!40101 SET @OLD_SQL_MODE=@@SQL_MODE, SQL_MODE='NO_AUTO_VALUE_ON_ZERO' */;
/*!40111 SET @OLD_SQL_NOTES=@@SQL_NOTES, SQL_NOTES=0 */;


# Dump of table league
# ------------------------------------------------------------

DROP TABLE IF EXISTS `league`;

CREATE TABLE `league` (
  `id` int(11) NOT NULL AUTO_INCREMENT,
  `name` varchar(255) COLLATE utf8mb4_unicode_ci NOT NULL,
  PRIMARY KEY (`id`)
) ENGINE=InnoDB DEFAULT CHARSET=utf8mb4 COLLATE=utf8mb4_unicode_ci;

LOCK TABLES `league` WRITE;
/*!40000 ALTER TABLE `league` DISABLE KEYS */;

INSERT INTO `league` (`id`, `name`)
VALUES
	(76,'Premier League'),
	(77,'World Cup');

/*!40000 ALTER TABLE `league` ENABLE KEYS */;
UNLOCK TABLES;


# Dump of table league_match
# ------------------------------------------------------------

DROP TABLE IF EXISTS `league_match`;

CREATE TABLE `league_match` (
  `id` int(11) NOT NULL AUTO_INCREMENT,
  `league_id` int(11) NOT NULL,
  `date` datetime NOT NULL,
  `home_team_id` int(11) DEFAULT NULL,
  `away_team_id` int(11) DEFAULT NULL,
  `home_team_goals_scored` int(11) NOT NULL DEFAULT '0',
  `away_team_goals_scored` int(11) NOT NULL DEFAULT '0',
  `home_team_yellow_cards` int(11) NOT NULL DEFAULT '0',
  `home_team_red_cards` int(11) NOT NULL DEFAULT '0',
  `away_team_yellow_cards` int(11) NOT NULL DEFAULT '0',
  `away_team_red_cards` int(11) NOT NULL DEFAULT '0',
  PRIMARY KEY (`id`),
  KEY `IDX_DB62A3358AFC4DE` (`league_id`),
  KEY `IDX_DB62A339C4C13F6` (`home_team_id`),
  KEY `IDX_DB62A3345185D02` (`away_team_id`),
  CONSTRAINT `FK_DB62A3345185D02` FOREIGN KEY (`away_team_id`) REFERENCES `team` (`id`),
  CONSTRAINT `FK_DB62A3358AFC4DE` FOREIGN KEY (`league_id`) REFERENCES `league` (`id`),
  CONSTRAINT `FK_DB62A339C4C13F6` FOREIGN KEY (`home_team_id`) REFERENCES `team` (`id`)
) ENGINE=InnoDB DEFAULT CHARSET=utf8mb4 COLLATE=utf8mb4_unicode_ci;

LOCK TABLES `league_match` WRITE;
/*!40000 ALTER TABLE `league_match` DISABLE KEYS */;

INSERT INTO `league_match` (`id`, `league_id`, `date`, `home_team_id`, `away_team_id`, `home_team_goals_scored`, `away_team_goals_scored`, `home_team_yellow_cards`, `home_team_red_cards`, `away_team_yellow_cards`, `away_team_red_cards`)
VALUES
	(2211,76,'2017-12-23 08:39:02',579,580,1,4,4,1,1,1),
	(2212,76,'2018-02-13 14:05:02',579,581,2,2,0,0,3,0),
	(2213,76,'2017-10-28 13:57:48',579,582,3,4,4,0,3,1),
	(2214,76,'2018-05-14 03:36:07',579,583,8,4,0,2,4,1),
	(2215,76,'2018-03-24 19:22:09',580,579,0,1,2,0,3,0),
	(2216,76,'2017-11-08 23:19:54',580,581,6,5,2,1,3,2),
	(2217,76,'2017-12-13 14:37:26',580,582,7,3,4,2,3,2),
	(2218,76,'2018-01-29 17:49:05',580,583,7,7,3,0,2,2),
	(2219,76,'2017-09-06 03:40:28',581,579,1,4,3,0,1,1),
	(2220,76,'2018-04-05 05:56:24',581,580,4,4,2,2,3,1),
	(2221,76,'2018-01-01 16:43:56',581,582,2,6,2,0,0,1),
	(2222,76,'2017-12-27 20:17:18',581,583,4,7,1,2,2,1),
	(2223,76,'2018-04-03 15:25:17',582,579,2,4,1,1,0,1),
	(2224,76,'2018-02-12 08:01:43',582,580,5,6,0,2,4,2),
	(2225,76,'2018-07-19 19:28:08',582,581,2,3,4,0,1,0),
	(2226,76,'2018-01-30 18:20:54',582,583,1,3,3,2,4,0),
	(2227,76,'2017-10-18 03:58:21',583,579,8,5,4,2,3,0),
	(2228,76,'2018-01-05 00:29:40',583,580,3,1,4,2,1,1),
	(2229,76,'2018-01-07 00:04:34',583,581,6,8,2,0,1,2),
	(2230,76,'2018-07-31 17:10:15',583,582,7,6,3,2,3,0),
	(2231,77,'2018-04-25 01:30:45',584,585,5,2,1,0,0,0),
	(2232,77,'2018-03-06 08:59:57',584,586,0,1,4,0,2,1),
	(2233,77,'2018-04-26 01:09:54',584,587,6,1,0,2,2,0),
	(2234,77,'2018-02-24 04:43:19',584,588,4,7,1,1,0,0),
	(2235,77,'2017-10-09 16:00:04',584,589,6,7,1,1,1,2),
	(2236,77,'2018-07-19 02:32:05',584,590,2,7,2,0,2,1),
	(2237,77,'2017-12-20 01:43:42',584,591,8,8,0,2,2,2),
	(2238,77,'2017-12-27 22:22:46',584,592,2,7,1,1,4,1),
	(2239,77,'2018-06-30 08:41:24',584,593,4,6,0,0,0,2),
	(2240,77,'2017-10-04 21:32:45',584,594,5,0,4,2,2,1),
	(2241,77,'2017-11-17 17:43:57',584,595,7,5,1,0,4,1),
	(2242,77,'2018-07-16 08:16:22',584,596,7,2,2,2,1,0),
	(2243,77,'2018-01-02 19:11:44',584,597,5,1,0,2,0,1),
	(2244,77,'2017-12-08 21:46:16',584,598,0,2,2,2,4,0),
	(2245,77,'2018-03-25 00:19:05',585,584,3,1,2,1,4,1),
	(2246,77,'2017-11-05 18:56:09',585,586,5,6,1,1,4,0),
	(2247,77,'2017-09-03 18:04:52',585,587,8,3,2,1,1,2),
	(2248,77,'2018-05-09 11:07:12',585,588,6,0,4,0,1,1),
	(2249,77,'2018-03-20 04:00:12',585,589,8,5,1,1,1,2),
	(2250,77,'2018-05-18 00:28:17',585,590,7,2,4,0,0,1),
	(2251,77,'2018-04-26 01:22:54',585,591,1,7,1,2,1,2),
	(2252,77,'2018-02-27 11:42:06',585,592,1,2,2,2,4,2),
	(2253,77,'2017-08-16 23:42:03',585,593,8,4,3,2,1,2),
	(2254,77,'2018-04-30 19:11:31',585,594,0,0,3,2,1,0),
	(2255,77,'2018-02-02 22:20:45',585,595,8,7,4,0,3,0),
	(2256,77,'2018-01-21 00:30:05',585,596,1,6,1,0,1,2),
	(2257,77,'2017-09-09 03:29:18',585,597,1,3,3,0,3,2),
	(2258,77,'2018-01-24 00:54:16',585,598,0,0,1,0,1,1),
	(2259,77,'2018-03-20 20:52:07',586,584,0,2,0,1,4,2),
	(2260,77,'2017-10-08 16:12:29',586,585,2,6,0,2,4,0),
	(2261,77,'2017-11-30 13:38:08',586,587,1,2,2,1,0,2),
	(2262,77,'2017-10-04 10:41:44',586,588,1,3,4,0,0,2),
	(2263,77,'2017-11-18 22:46:03',586,589,7,4,2,1,4,2),
	(2264,77,'2017-11-23 16:40:48',586,590,4,4,1,2,1,2),
	(2265,77,'2017-11-28 13:15:51',586,591,0,6,0,2,1,0),
	(2266,77,'2018-03-08 16:43:10',586,592,4,6,3,0,4,0),
	(2267,77,'2017-08-25 20:50:43',586,593,6,4,2,1,3,2),
	(2268,77,'2017-11-28 20:27:19',586,594,2,0,0,1,0,2),
	(2269,77,'2017-09-20 05:55:34',586,595,8,5,3,2,0,0),
	(2270,77,'2017-10-18 16:05:16',586,596,7,1,4,0,0,2),
	(2271,77,'2018-03-18 01:34:38',586,597,7,2,4,1,2,0),
	(2272,77,'2018-03-17 04:32:35',586,598,2,2,1,1,0,1),
	(2273,77,'2017-09-11 10:33:12',587,584,2,0,4,2,4,1),
	(2274,77,'2018-05-25 12:12:53',587,585,8,4,1,1,0,1),
	(2275,77,'2018-04-17 03:37:06',587,586,5,5,0,1,4,1),
	(2276,77,'2018-04-10 09:01:27',587,588,2,0,1,1,4,2),
	(2277,77,'2018-02-03 03:02:37',587,589,0,6,1,1,0,0),
	(2278,77,'2017-09-11 06:02:56',587,590,7,8,4,0,0,1),
	(2279,77,'2017-10-09 17:51:05',587,591,6,6,2,0,1,1),
	(2280,77,'2018-04-28 19:25:02',587,592,1,4,4,1,1,0),
	(2281,77,'2017-11-15 15:32:59',587,593,0,4,4,2,1,1),
	(2282,77,'2017-09-25 07:36:00',587,594,4,4,3,2,2,1),
	(2283,77,'2017-10-09 21:07:18',587,595,7,1,0,1,0,0),
	(2284,77,'2018-07-29 14:25:40',587,596,8,0,0,1,2,0),
	(2285,77,'2018-07-07 08:27:21',587,597,2,0,2,1,1,1),
	(2286,77,'2017-12-06 01:13:50',587,598,6,8,3,1,3,0),
	(2287,77,'2018-01-21 09:36:05',588,584,0,2,0,0,3,1),
	(2288,77,'2017-12-10 23:59:40',588,585,6,0,2,1,4,2),
	(2289,77,'2017-11-08 10:58:33',588,586,5,5,0,0,0,2),
	(2290,77,'2018-04-29 16:51:55',588,587,3,6,1,1,0,0),
	(2291,77,'2018-06-19 14:30:34',588,589,1,6,4,1,0,0),
	(2292,77,'2017-09-13 10:44:12',588,590,1,1,3,2,3,1),
	(2293,77,'2017-12-29 14:00:47',588,591,6,3,1,2,2,0),
	(2294,77,'2018-08-06 15:52:36',588,592,2,6,1,1,2,2),
	(2295,77,'2018-04-22 05:55:39',588,593,8,7,3,2,3,2),
	(2296,77,'2017-08-17 12:57:58',588,594,5,5,3,2,0,2),
	(2297,77,'2018-04-16 03:18:08',588,595,5,2,0,0,0,0),
	(2298,77,'2017-12-10 10:31:09',588,596,0,6,1,2,2,0),
	(2299,77,'2018-06-26 17:31:23',588,597,5,6,4,0,4,2),
	(2300,77,'2018-02-19 05:51:04',588,598,6,5,1,1,1,2),
	(2301,77,'2018-06-30 09:19:38',589,584,3,6,0,0,0,2),
	(2302,77,'2018-03-29 01:11:32',589,585,2,4,4,1,4,0),
	(2303,77,'2017-11-22 21:24:25',589,586,1,8,4,2,4,1),
	(2304,77,'2018-03-17 19:33:07',589,587,5,4,3,2,0,0),
	(2305,77,'2017-11-12 20:51:35',589,588,7,6,2,2,1,0),
	(2306,77,'2017-12-14 23:09:50',589,590,2,4,1,0,0,2),
	(2307,77,'2018-07-20 07:02:32',589,591,3,7,3,1,1,2),
	(2308,77,'2018-04-06 00:20:34',589,592,7,7,3,0,0,0),
	(2309,77,'2017-10-29 11:28:56',589,593,5,5,0,2,2,2),
	(2310,77,'2017-11-13 09:50:40',589,594,4,3,1,1,0,1),
	(2311,77,'2018-05-02 03:01:23',589,595,6,6,1,1,3,0),
	(2312,77,'2018-05-05 09:11:06',589,596,0,4,4,1,4,2),
	(2313,77,'2017-12-13 18:13:04',589,597,5,2,4,2,4,2),
	(2314,77,'2018-07-30 06:12:44',589,598,4,6,0,1,3,0),
	(2315,77,'2018-07-21 16:40:36',590,584,0,8,2,2,4,1),
	(2316,77,'2018-02-01 15:17:45',590,585,6,3,1,0,1,0),
	(2317,77,'2017-10-28 10:17:08',590,586,3,5,0,1,2,0),
	(2318,77,'2017-10-18 01:24:09',590,587,8,7,0,0,0,0),
	(2319,77,'2017-11-20 04:05:50',590,588,4,7,4,2,1,2),
	(2320,77,'2018-07-28 01:55:24',590,589,4,1,4,2,1,0),
	(2321,77,'2018-02-19 21:50:29',590,591,8,4,3,1,4,1),
	(2322,77,'2017-11-03 09:47:09',590,592,5,5,4,0,0,2),
	(2323,77,'2018-04-06 13:10:31',590,593,0,0,2,2,4,1),
	(2324,77,'2018-06-24 02:19:48',590,594,6,6,2,1,0,1),
	(2325,77,'2017-10-26 01:17:46',590,595,8,8,0,0,0,2),
	(2326,77,'2018-04-09 07:30:52',590,596,8,6,4,0,0,1),
	(2327,77,'2018-04-24 08:46:04',590,597,7,6,2,0,1,1),
	(2328,77,'2018-02-06 16:00:39',590,598,6,0,1,0,0,2),
	(2329,77,'2018-03-12 06:59:14',591,584,5,8,0,2,3,0),
	(2330,77,'2017-08-12 22:59:37',591,585,1,4,3,2,3,0),
	(2331,77,'2017-10-04 09:46:24',591,586,7,2,4,2,0,2),
	(2332,77,'2017-09-13 00:10:39',591,587,8,7,2,1,4,1),
	(2333,77,'2018-02-12 23:55:21',591,588,0,5,4,2,4,0),
	(2334,77,'2018-02-07 13:26:18',591,589,4,1,4,2,4,0),
	(2335,77,'2017-11-13 07:56:49',591,590,1,3,3,2,4,1),
	(2336,77,'2018-06-13 08:23:23',591,592,6,2,0,1,1,0),
	(2337,77,'2018-03-23 00:59:48',591,593,3,5,1,2,4,1),
	(2338,77,'2018-04-29 11:52:51',591,594,8,3,0,1,4,1),
	(2339,77,'2018-01-15 22:27:34',591,595,6,7,2,0,4,2),
	(2340,77,'2018-04-03 14:43:21',591,596,8,3,2,0,1,0),
	(2341,77,'2017-12-14 15:43:53',591,598,0,8,3,2,1,0),
	(2342,77,'2018-08-01 13:48:59',592,584,2,3,3,2,1,0),
	(2343,77,'2018-01-01 05:10:00',592,585,4,0,4,2,2,1),
	(2344,77,'2018-06-27 21:33:26',592,586,7,1,4,0,1,0),
	(2345,77,'2017-10-04 23:58:06',592,587,8,7,1,2,0,1),
	(2346,77,'2017-09-14 15:44:00',592,588,4,8,2,2,0,1),
	(2347,77,'2018-03-08 05:35:01',592,589,6,1,0,2,2,0),
	(2348,77,'2018-04-05 03:02:23',592,590,4,8,4,0,3,1),
	(2349,77,'2017-12-23 02:26:19',592,591,3,6,3,0,0,0),
	(2350,77,'2017-10-19 13:20:15',592,593,1,1,2,1,2,2),
	(2351,77,'2018-05-05 06:33:11',592,594,3,6,2,0,0,0),
	(2352,77,'2018-05-10 07:27:25',592,595,4,0,1,1,3,1),
	(2353,77,'2017-08-16 02:41:24',592,596,2,6,3,1,3,2),
	(2354,77,'2018-05-05 08:26:12',592,597,3,4,1,1,2,2),
	(2355,77,'2017-08-18 11:28:22',592,598,6,6,1,2,4,0),
	(2356,77,'2017-11-27 03:55:19',593,584,8,1,1,1,0,1),
	(2357,77,'2018-04-09 17:48:07',593,585,5,5,3,0,2,2),
	(2358,77,'2017-12-30 04:25:32',593,586,7,4,2,0,2,0),
	(2359,77,'2018-02-14 19:46:04',593,587,5,0,1,2,4,0),
	(2360,77,'2018-04-23 21:28:08',593,588,0,7,2,2,0,1),
	(2361,77,'2017-11-16 06:48:23',593,589,0,0,2,1,4,1),
	(2362,77,'2018-06-30 03:56:59',593,590,3,8,4,0,1,1),
	(2363,77,'2018-01-06 18:18:12',593,591,7,7,4,2,1,2),
	(2364,77,'2017-09-25 14:08:40',593,592,1,2,0,2,3,1),
	(2365,77,'2017-12-04 14:01:50',593,594,6,5,2,1,0,1),
	(2366,77,'2018-04-09 23:24:51',593,595,1,7,1,1,1,1),
	(2367,77,'2018-06-12 16:06:14',593,596,2,7,4,2,0,1),
	(2368,77,'2018-05-07 23:59:35',593,597,4,7,1,0,4,0),
	(2369,77,'2017-10-29 05:16:58',593,598,6,0,3,2,3,2),
	(2370,77,'2018-02-02 14:37:10',594,584,8,2,0,2,2,0),
	(2371,77,'2018-02-03 01:30:25',594,585,7,8,4,2,1,1),
	(2372,77,'2018-06-12 06:57:16',594,586,4,3,0,2,2,0),
	(2373,77,'2018-03-07 11:37:40',594,587,0,4,2,0,2,1),
	(2374,77,'2018-02-23 21:26:15',594,588,7,8,0,1,2,2),
	(2375,77,'2018-07-16 17:54:40',594,589,2,1,4,0,2,0),
	(2376,77,'2017-11-27 00:05:04',594,590,5,6,0,1,0,2),
	(2377,77,'2018-01-08 09:52:29',594,591,7,6,3,1,0,0),
	(2378,77,'2018-03-26 22:10:40',594,592,5,3,1,0,2,2),
	(2379,77,'2018-02-28 01:59:07',594,593,5,4,4,0,1,0),
	(2380,77,'2017-12-15 14:06:46',594,595,5,0,2,2,0,1),
	(2381,77,'2017-08-31 06:50:19',594,596,4,5,3,1,4,0),
	(2382,77,'2017-10-24 01:05:20',594,597,4,3,1,1,1,0),
	(2383,77,'2017-10-18 23:11:13',594,598,5,8,1,1,2,2),
	(2384,77,'2018-05-26 22:36:33',595,584,2,5,3,2,4,2),
	(2385,77,'2018-03-03 17:37:02',595,585,8,7,1,1,4,0),
	(2386,77,'2018-04-17 12:50:39',595,586,8,7,2,2,2,1),
	(2387,77,'2017-08-17 21:05:34',595,587,1,2,4,1,2,0),
	(2388,77,'2018-07-26 21:05:01',595,588,7,3,1,1,3,1),
	(2389,77,'2017-11-12 12:09:35',595,589,0,0,4,2,3,2),
	(2390,77,'2018-07-21 21:11:29',595,590,7,0,4,1,3,2),
	(2391,77,'2018-04-28 04:22:53',595,591,4,2,4,1,3,2),
	(2392,77,'2018-02-12 09:38:24',595,592,8,1,0,2,1,1),
	(2393,77,'2018-04-16 20:43:15',595,593,2,4,0,1,3,0),
	(2394,77,'2018-04-28 07:54:42',595,594,4,6,3,2,2,0),
	(2395,77,'2018-03-11 08:02:33',595,596,0,7,4,1,4,2),
	(2396,77,'2017-11-08 12:58:46',595,597,5,8,1,1,2,2),
	(2397,77,'2018-01-15 17:56:00',595,598,5,1,1,1,2,1),
	(2398,77,'2018-02-22 02:10:59',596,584,1,7,0,0,3,2),
	(2399,77,'2018-04-20 18:57:39',596,585,5,1,1,2,4,2),
	(2400,77,'2018-02-18 14:20:17',596,586,2,6,3,2,1,2),
	(2401,77,'2018-03-23 00:48:46',596,587,1,8,2,0,0,1),
	(2402,77,'2018-03-19 04:56:21',596,588,8,1,3,1,0,0),
	(2403,77,'2018-03-11 15:17:36',596,589,5,1,4,2,4,1),
	(2404,77,'2017-09-17 11:04:53',596,590,7,1,0,1,1,1),
	(2405,77,'2017-12-17 01:20:19',596,591,7,2,1,0,3,1),
	(2406,77,'2017-12-18 11:01:07',596,592,1,8,2,2,1,1),
	(2407,77,'2018-05-13 07:22:56',596,593,6,4,3,0,3,0),
	(2408,77,'2018-03-29 18:14:19',596,594,3,0,0,0,0,0),
	(2409,77,'2018-02-20 20:10:45',596,595,5,4,1,0,3,2),
	(2410,77,'2018-01-08 07:19:15',596,597,2,7,2,2,4,1),
	(2411,77,'2018-06-16 18:16:30',596,598,2,2,2,1,1,0),
	(2412,77,'2018-02-12 02:56:55',597,584,6,6,3,2,2,2),
	(2413,77,'2018-02-24 02:21:45',597,585,5,5,3,1,3,0),
	(2414,77,'2018-05-23 01:36:41',597,586,7,5,2,2,1,0),
	(2415,77,'2018-03-21 03:33:21',597,587,2,2,0,1,0,1),
	(2416,77,'2018-01-24 12:36:46',597,588,2,1,1,0,2,2),
	(2417,77,'2018-02-01 15:37:24',597,589,2,5,1,0,2,1),
	(2418,77,'2018-02-06 16:55:34',597,590,4,5,0,0,0,2),
	(2419,77,'2017-10-09 12:59:27',597,592,5,0,3,2,4,0),
	(2420,77,'2018-02-19 05:09:13',597,593,6,5,3,1,1,1),
	(2421,77,'2018-06-20 19:55:04',597,594,3,7,2,2,4,1),
	(2422,77,'2018-01-24 13:36:59',597,595,2,0,0,2,3,0),
	(2423,77,'2018-04-27 03:23:14',597,596,5,2,3,0,3,1),
	(2424,77,'2017-11-04 15:02:43',597,598,4,5,0,2,2,2),
	(2425,77,'2017-10-01 21:26:39',598,584,7,7,1,0,3,1),
	(2426,77,'2018-04-10 21:31:24',598,585,5,5,2,2,0,0),
	(2427,77,'2017-08-12 18:42:49',598,586,8,7,4,0,3,0),
	(2428,77,'2017-12-20 10:51:05',598,587,2,0,2,1,4,0),
	(2429,77,'2018-01-27 17:05:15',598,588,6,3,1,1,4,2),
	(2430,77,'2017-12-24 15:34:17',598,589,2,4,1,1,0,0),
	(2431,77,'2018-04-24 09:49:21',598,590,0,5,1,1,3,2),
	(2432,77,'2018-07-29 12:26:14',598,591,7,7,3,0,1,1),
	(2433,77,'2017-10-20 07:53:13',598,592,3,2,0,0,3,2),
	(2434,77,'2018-03-15 16:35:44',598,593,3,6,1,1,2,0),
	(2435,77,'2018-06-23 03:20:55',598,594,0,7,0,0,4,1),
	(2436,77,'2018-01-19 22:08:18',598,595,8,2,2,0,3,1),
	(2437,77,'2017-09-02 02:32:57',598,596,3,6,2,1,2,1),
	(2438,77,'2018-04-10 03:30:59',598,597,7,6,2,1,4,2);

/*!40000 ALTER TABLE `league_match` ENABLE KEYS */;
UNLOCK TABLES;


# Dump of table league_team
# ------------------------------------------------------------

DROP TABLE IF EXISTS `league_team`;

CREATE TABLE `league_team` (
  `id` int(11) NOT NULL AUTO_INCREMENT,
  `league_id` int(11) NOT NULL,
  `team_id` int(11) NOT NULL,
  PRIMARY KEY (`id`),
  KEY `IDX_2E3F061E58AFC4DE` (`league_id`),
  KEY `IDX_2E3F061E296CD8AE` (`team_id`),
  CONSTRAINT `FK_2E3F061E296CD8AE` FOREIGN KEY (`team_id`) REFERENCES `team` (`id`),
  CONSTRAINT `FK_2E3F061E58AFC4DE` FOREIGN KEY (`league_id`) REFERENCES `league` (`id`)
) ENGINE=InnoDB DEFAULT CHARSET=utf8mb4 COLLATE=utf8mb4_unicode_ci;

LOCK TABLES `league_team` WRITE;
/*!40000 ALTER TABLE `league_team` DISABLE KEYS */;

INSERT INTO `league_team` (`id`, `league_id`, `team_id`)
VALUES
	(365,76,579),
	(366,76,580),
	(367,76,581),
	(368,76,582),
	(369,76,583),
	(370,77,584),
	(371,77,585),
	(372,77,586),
	(373,77,587),
	(374,77,588),
	(375,77,589),
	(376,77,590),
	(377,77,591),
	(378,77,592),
	(379,77,593),
	(380,77,594),
	(381,77,595),
	(382,77,596),
	(383,77,597),
	(384,77,598);

/*!40000 ALTER TABLE `league_team` ENABLE KEYS */;
UNLOCK TABLES;


# Dump of table migration_versions
# ------------------------------------------------------------

DROP TABLE IF EXISTS `migration_versions`;

CREATE TABLE `migration_versions` (
  `version` varchar(255) COLLATE utf8_unicode_ci NOT NULL,
  PRIMARY KEY (`version`)
) ENGINE=InnoDB DEFAULT CHARSET=utf8 COLLATE=utf8_unicode_ci;

LOCK TABLES `migration_versions` WRITE;
/*!40000 ALTER TABLE `migration_versions` DISABLE KEYS */;

INSERT INTO `migration_versions` (`version`)
VALUES
	('20180808121826'),
	('20180808122142'),
	('20180808122240'),
	('20180808153423'),
	('20180808153632'),
	('20180808153933'),
	('20180808154351'),
	('20180808154648'),
	('20180808160008'),
	('20180808160031'),
	('20180808161041'),
	('20180808163605'),
	('20180808165043'),
	('20180808165402'),
	('20180809093519'),
	('20180809095934'),
	('20180809100447'),
	('20180809101117'),
	('20180809102442'),
	('20180809102526'),
	('20180809103739'),
	('20180809103925'),
	('20180809104010'),
	('20180809112908'),
	('20180809113137'),
	('20180809114505'),
	('20180809115026'),
	('20180809142542'),
	('20180809162537');

/*!40000 ALTER TABLE `migration_versions` ENABLE KEYS */;
UNLOCK TABLES;


# Dump of table player
# ------------------------------------------------------------

DROP TABLE IF EXISTS `player`;

CREATE TABLE `player` (
  `id` int(11) NOT NULL AUTO_INCREMENT,
  `name` varchar(255) COLLATE utf8mb4_unicode_ci NOT NULL,
  `age` int(11) NOT NULL,
  `height_cm` int(11) NOT NULL,
  PRIMARY KEY (`id`)
) ENGINE=InnoDB DEFAULT CHARSET=utf8mb4 COLLATE=utf8mb4_unicode_ci;

LOCK TABLES `player` WRITE;
/*!40000 ALTER TABLE `player` DISABLE KEYS */;

INSERT INTO `player` (`id`, `name`, `age`, `height_cm`)
VALUES
	(3571,'Mr. Adan Bashirian V',30,165),
	(3572,'Mr. Deion Macejkovic MD',30,176),
	(3573,'Dr. Dorcas Upton Jr.',25,160),
	(3574,'Laron Nitzsche',32,189),
	(3575,'Manley Parker',22,172),
	(3576,'Kelley Hudson',34,182),
	(3577,'Mr. Buddy Roob Jr.',33,164),
	(3578,'Ewell Heller',21,161),
	(3579,'Mr. Brannon Abshire II',25,165),
	(3580,'Kelvin Thompson',26,161),
	(3581,'Mr. Orval O\'Hara',26,198),
	(3582,'Mr. Junius Lynch V',35,195),
	(3583,'Mr. Vinnie Kling PhD',33,194),
	(3584,'Bud Conn DVM',20,164),
	(3585,'Ali Raynor IV',27,181),
	(3586,'Selmer DuBuque',35,168),
	(3587,'Dr. Narciso Pacocha',21,169),
	(3588,'Mr. Scottie Okuneva',32,186),
	(3589,'Tony Brown PhD',22,169),
	(3590,'Hayden Effertz PhD',34,182),
	(3591,'Ladarius Von Jr.',31,176),
	(3592,'Delaney Hoeger',33,184),
	(3593,'Dr. Maxine Heidenreich III',28,195),
	(3594,'Hazle Blanda',28,162),
	(3595,'Prof. Kyler Friesen',29,190),
	(3596,'Dr. Anderson Oberbrunner',30,160),
	(3597,'Jonas Heidenreich',23,193),
	(3598,'Dr. Arden Goldner',26,163),
	(3599,'Geovanni Pfeffer',34,193),
	(3600,'Nasir O\'Kon',30,168),
	(3601,'Ottis Kshlerin',26,167),
	(3602,'Stanton Rau',29,200),
	(3603,'Christopher Kuphal DDS',31,179),
	(3604,'Colin Kiehn DVM',26,170),
	(3605,'Mr. Tanner Gutkowski III',20,178),
	(3606,'Morris Schumm',22,186),
	(3607,'Freddie Anderson',34,191),
	(3608,'Montana Pfeffer',20,188),
	(3609,'Russel Gusikowski',27,164),
	(3610,'Ervin Tromp',21,173),
	(3611,'Bradford King',28,181),
	(3612,'Dave Schroeder',30,185),
	(3613,'Mathew Lemke',35,194),
	(3614,'Roger Kulas',30,160),
	(3615,'Devante Green',26,184),
	(3616,'Mr. Quinten Schneider III',22,180),
	(3617,'Bryon Botsford V',23,178),
	(3618,'Trevor Vandervort',21,169),
	(3619,'Mr. Nicholas Rodriguez',20,192),
	(3620,'Lesley Renner',34,179),
	(3621,'Dr. Sebastian Nader',19,195),
	(3622,'Brody Oberbrunner PhD',22,162),
	(3623,'Jeremie Harris',26,161),
	(3624,'Erich Parker',26,195),
	(3625,'Dr. Kody Reilly',26,174),
	(3626,'Johnpaul Bogan',26,190),
	(3627,'Glen Weissnat',26,200),
	(3628,'Branson Botsford',30,164),
	(3629,'Prof. Fabian Heathcote',24,189),
	(3630,'Mr. Jace Veum',21,174),
	(3631,'Conor Schaefer',29,177),
	(3632,'Tremayne Watsica',23,161),
	(3633,'Graham Reilly DVM',27,195),
	(3634,'Jayce Torp',33,161),
	(3635,'Juwan Sauer',27,160),
	(3636,'Dr. Orville Wiegand Jr.',30,171),
	(3637,'Bennett Schuppe',19,189),
	(3638,'Berry Schaefer',33,166),
	(3639,'Fausto O\'Hara',29,161),
	(3640,'Prof. Ken Quitzon Jr.',35,185),
	(3641,'Mr. Kendall Gleason',25,173),
	(3642,'Madison McCullough',32,196),
	(3643,'Prof. Anastacio Heathcote DVM',22,184),
	(3644,'Harold Swaniawski',31,200),
	(3645,'Nash Torp',29,163);

/*!40000 ALTER TABLE `player` ENABLE KEYS */;
UNLOCK TABLES;


# Dump of table team
# ------------------------------------------------------------

DROP TABLE IF EXISTS `team`;

CREATE TABLE `team` (
  `id` int(11) NOT NULL AUTO_INCREMENT,
  `name` varchar(255) COLLATE utf8mb4_unicode_ci NOT NULL,
  `strip` varchar(255) COLLATE utf8mb4_unicode_ci NOT NULL,
  `club_address` varchar(255) COLLATE utf8mb4_unicode_ci NOT NULL,
  PRIMARY KEY (`id`)
) ENGINE=InnoDB DEFAULT CHARSET=utf8mb4 COLLATE=utf8mb4_unicode_ci;

LOCK TABLES `team` WRITE;
/*!40000 ALTER TABLE `team` DISABLE KEYS */;

INSERT INTO `team` (`id`, `name`, `strip`, `club_address`)
VALUES
	(579,'Ipswich Town','MediumOrchid and Maroon','191 Lucio Street\nTyriqueland, NJ 26920-9226'),
	(580,'QPR','GreenYellow and Maroon','909 Kassandra Island Apt. 726\nNew Isidro, MT 17778-3105'),
	(581,'Manchester City','MistyRose and Bisque','3825 Damian Mall Suite 794\nNorth Rosie, DE 12678-8221'),
	(582,'Wigan','WhiteSmoke and SaddleBrown','48573 Purdy Shore\nMartinemouth, UT 41355'),
	(583,'Portsmouth','White and SeaGreen','9467 Bahringer Brook\nEast Stanford, NE 88316-5282'),
	(584,'Monaco','MediumPurple and Turquoise','594 Langworth Ferry Suite 588\nTiffanyport, KS 50505-1200'),
	(585,'Saudi Arabia','FireBrick and Chocolate','2335 Roberts Prairie Suite 559\nLake Waylonbury, VT 75198-0908'),
	(586,'Haiti','MidnightBlue and MediumSpringGreen','110 Mervin Lock Suite 930\nEast Bradenport, NM 08119'),
	(587,'Saint Lucia','DarkMagenta and Plum','517 Glover Fields\nEast Helenhaven, MS 92285'),
	(588,'Israel','Black and MediumAquaMarine','5403 Hoeger Village\nWest Timmyfurt, LA 54183-1695'),
	(589,'Slovakia (Slovak Republic)','Maroon and Chocolate','2749 Swaniawski Coves Apt. 558\nEast Kaylafort, MO 33527'),
	(590,'Latvia','LavenderBlush and Gold','19067 Deven Port Apt. 166\nWest Chanel, WA 93180'),
	(591,'Antarctica (the territory South of 60 deg S)','FloralWhite and LightCoral','3039 Berge Union Apt. 199\nLake Ursulamouth, SD 30201'),
	(592,'Ethiopia','ForestGreen and OliveDrab','189 Ledner Drive\nNew Samson, KY 69662'),
	(593,'Sweden','HotPink and Sienna','966 Medhurst Coves\nWest Elisemouth, NM 11397'),
	(594,'Iran','GoldenRod and Olive','1919 Marks Cliffs\nNew Mariela, WA 27277'),
	(595,'Mali','GreenYellow and DarkTurquoise','71406 Auer Parkways\nJaydestad, WY 62494-8961'),
	(596,'Kazakhstan','RosyBrown and DarkSeaGreen','9268 Stephania Drives\nWest Erichport, TN 34068-8352'),
	(597,'Antarctica (the territory South of 60 deg S)','DarkBlue and Chartreuse','7973 Cordia Cove Suite 001\nNew Pabloport, MT 81727-3456'),
	(598,'Gibraltar','IndianRed and Peru','51388 Adrain Row Apt. 452\nNovellamouth, ME 10357-4140');

/*!40000 ALTER TABLE `team` ENABLE KEYS */;
UNLOCK TABLES;


# Dump of table team_player
# ------------------------------------------------------------

DROP TABLE IF EXISTS `team_player`;

CREATE TABLE `team_player` (
  `team_id` int(11) NOT NULL,
  `player_id` int(11) NOT NULL,
  PRIMARY KEY (`team_id`,`player_id`),
  KEY `IDX_EE023DBC296CD8AE` (`team_id`),
  KEY `IDX_EE023DBC99E6F5DF` (`player_id`),
  CONSTRAINT `FK_EE023DBC296CD8AE` FOREIGN KEY (`team_id`) REFERENCES `team` (`id`) ON DELETE CASCADE,
  CONSTRAINT `FK_EE023DBC99E6F5DF` FOREIGN KEY (`player_id`) REFERENCES `player` (`id`) ON DELETE CASCADE
) ENGINE=InnoDB DEFAULT CHARSET=utf8mb4 COLLATE=utf8mb4_unicode_ci;

LOCK TABLES `team_player` WRITE;
/*!40000 ALTER TABLE `team_player` DISABLE KEYS */;

INSERT INTO `team_player` (`team_id`, `player_id`)
VALUES
	(579,3571),
	(579,3572),
	(579,3573),
	(579,3574),
	(579,3575),
	(579,3576),
	(579,3577),
	(579,3578),
	(579,3579),
	(579,3580),
	(579,3581),
	(579,3582),
	(579,3583),
	(579,3584),
	(579,3585),
	(580,3586),
	(580,3587),
	(580,3588),
	(580,3589),
	(580,3590),
	(580,3591),
	(580,3592),
	(580,3593),
	(580,3594),
	(580,3595),
	(580,3596),
	(580,3597),
	(580,3598),
	(580,3599),
	(580,3600),
	(581,3601),
	(581,3602),
	(581,3603),
	(581,3604),
	(581,3605),
	(581,3606),
	(581,3607),
	(581,3608),
	(581,3609),
	(581,3610),
	(581,3611),
	(581,3612),
	(581,3613),
	(581,3614),
	(581,3615),
	(582,3616),
	(582,3617),
	(582,3618),
	(582,3619),
	(582,3620),
	(582,3621),
	(582,3622),
	(582,3623),
	(582,3624),
	(582,3625),
	(582,3626),
	(582,3627),
	(582,3628),
	(582,3629),
	(582,3630),
	(583,3631),
	(583,3632),
	(583,3633),
	(583,3634),
	(583,3635),
	(583,3636),
	(583,3637),
	(583,3638),
	(583,3639),
	(583,3640),
	(583,3641),
	(583,3642),
	(583,3643),
	(583,3644),
	(583,3645);

/*!40000 ALTER TABLE `team_player` ENABLE KEYS */;
UNLOCK TABLES;


# Dump of table user
# ------------------------------------------------------------

DROP TABLE IF EXISTS `user`;

CREATE TABLE `user` (
  `id` int(11) NOT NULL AUTO_INCREMENT,
  `username` varchar(255) COLLATE utf8mb4_unicode_ci NOT NULL,
  `api_key` varchar(255) COLLATE utf8mb4_unicode_ci NOT NULL,
  PRIMARY KEY (`id`),
  UNIQUE KEY `UNIQ_8D93D649F85E0677` (`username`),
  UNIQUE KEY `UNIQ_8D93D649C912ED9D` (`api_key`)
) ENGINE=InnoDB DEFAULT CHARSET=utf8mb4 COLLATE=utf8mb4_unicode_ci;




/*!40111 SET SQL_NOTES=@OLD_SQL_NOTES */;
/*!40101 SET SQL_MODE=@OLD_SQL_MODE */;
/*!40014 SET FOREIGN_KEY_CHECKS=@OLD_FOREIGN_KEY_CHECKS */;
/*!40101 SET CHARACTER_SET_CLIENT=@OLD_CHARACTER_SET_CLIENT */;
/*!40101 SET CHARACTER_SET_RESULTS=@OLD_CHARACTER_SET_RESULTS */;
/*!40101 SET COLLATION_CONNECTION=@OLD_COLLATION_CONNECTION */;
