# ************************************************************
# Sequel Pro SQL dump
# Version 4541
#
# http://www.sequelpro.com/
# https://github.com/sequelpro/sequelpro
#
# Host: 127.0.0.1 (MySQL 5.7.21)
# Database: commercial_people
# Generation Time: 2018-08-09 16:26:57 +0000
# ************************************************************


/*!40101 SET @OLD_CHARACTER_SET_CLIENT=@@CHARACTER_SET_CLIENT */;
/*!40101 SET @OLD_CHARACTER_SET_RESULTS=@@CHARACTER_SET_RESULTS */;
/*!40101 SET @OLD_COLLATION_CONNECTION=@@COLLATION_CONNECTION */;
/*!40101 SET NAMES utf8 */;
/*!40014 SET @OLD_FOREIGN_KEY_CHECKS=@@FOREIGN_KEY_CHECKS, FOREIGN_KEY_CHECKS=0 */;
/*!40101 SET @OLD_SQL_MODE=@@SQL_MODE, SQL_MODE='NO_AUTO_VALUE_ON_ZERO' */;
/*!40111 SET @OLD_SQL_NOTES=@@SQL_NOTES, SQL_NOTES=0 */;


# Dump of table league
# ------------------------------------------------------------

DROP TABLE IF EXISTS `league`;

CREATE TABLE `league` (
  `id` int(11) NOT NULL AUTO_INCREMENT,
  `name` varchar(255) COLLATE utf8mb4_unicode_ci NOT NULL,
  PRIMARY KEY (`id`)
) ENGINE=InnoDB DEFAULT CHARSET=utf8mb4 COLLATE=utf8mb4_unicode_ci;

LOCK TABLES `league` WRITE;
/*!40000 ALTER TABLE `league` DISABLE KEYS */;

INSERT INTO `league` (`id`, `name`)
VALUES
	(72,'Premier League'),
	(73,'World Cup');

/*!40000 ALTER TABLE `league` ENABLE KEYS */;
UNLOCK TABLES;


# Dump of table league_match
# ------------------------------------------------------------

DROP TABLE IF EXISTS `league_match`;

CREATE TABLE `league_match` (
  `id` int(11) NOT NULL AUTO_INCREMENT,
  `league_id` int(11) NOT NULL,
  `date` datetime NOT NULL,
  `home_team_id` int(11) DEFAULT NULL,
  `away_team_id` int(11) DEFAULT NULL,
  `home_team_goals_scored` int(11) NOT NULL DEFAULT '0',
  `away_team_goals_scored` int(11) NOT NULL DEFAULT '0',
  `home_team_yellow_cards` int(11) NOT NULL DEFAULT '0',
  `home_team_red_cards` int(11) NOT NULL DEFAULT '0',
  `away_team_yellow_cards` int(11) NOT NULL DEFAULT '0',
  `away_team_red_cards` int(11) NOT NULL DEFAULT '0',
  PRIMARY KEY (`id`),
  KEY `IDX_DB62A3358AFC4DE` (`league_id`),
  KEY `IDX_DB62A339C4C13F6` (`home_team_id`),
  KEY `IDX_DB62A3345185D02` (`away_team_id`),
  CONSTRAINT `FK_DB62A3345185D02` FOREIGN KEY (`away_team_id`) REFERENCES `team` (`id`),
  CONSTRAINT `FK_DB62A3358AFC4DE` FOREIGN KEY (`league_id`) REFERENCES `league` (`id`),
  CONSTRAINT `FK_DB62A339C4C13F6` FOREIGN KEY (`home_team_id`) REFERENCES `team` (`id`)
) ENGINE=InnoDB DEFAULT CHARSET=utf8mb4 COLLATE=utf8mb4_unicode_ci;

LOCK TABLES `league_match` WRITE;
/*!40000 ALTER TABLE `league_match` DISABLE KEYS */;

INSERT INTO `league_match` (`id`, `league_id`, `date`, `home_team_id`, `away_team_id`, `home_team_goals_scored`, `away_team_goals_scored`, `home_team_yellow_cards`, `home_team_red_cards`, `away_team_yellow_cards`, `away_team_red_cards`)
VALUES
	(1751,72,'2018-06-14 09:44:10',533,534,5,8,4,2,0,2),
	(1752,72,'2017-10-20 13:48:42',533,535,5,8,2,1,0,2),
	(1753,72,'2018-06-11 05:14:12',533,536,7,5,4,2,2,2),
	(1754,72,'2018-02-14 10:13:10',533,537,0,4,2,1,4,1),
	(1755,72,'2017-09-24 05:24:11',534,533,1,3,3,0,1,1),
	(1756,72,'2018-06-28 04:08:09',534,535,4,6,3,2,1,1),
	(1757,72,'2018-03-17 01:39:43',534,536,3,7,2,0,1,2),
	(1758,72,'2018-05-10 08:35:17',534,537,3,6,0,2,3,2),
	(1759,72,'2017-11-14 05:52:54',535,533,0,7,4,0,2,0),
	(1760,72,'2017-12-21 15:59:56',535,534,2,6,0,0,1,1),
	(1761,72,'2017-10-23 08:35:18',535,536,6,2,4,1,3,0),
	(1762,72,'2017-10-26 14:45:15',535,537,4,1,4,0,1,2),
	(1763,72,'2018-03-16 16:04:00',536,533,2,3,4,2,1,1),
	(1764,72,'2018-06-12 23:22:09',536,534,2,2,2,1,3,1),
	(1765,72,'2018-05-24 18:52:30',536,535,5,3,0,2,3,2),
	(1766,72,'2018-03-20 06:41:58',536,537,1,5,4,0,2,1),
	(1767,72,'2018-07-20 16:02:50',537,533,8,2,2,2,3,1),
	(1768,72,'2017-09-14 20:43:58',537,534,3,3,0,0,2,1),
	(1769,72,'2018-03-29 03:23:19',537,535,3,7,1,0,1,1),
	(1770,72,'2017-08-22 22:01:34',537,536,8,2,0,0,0,0),
	(1771,73,'2017-09-23 12:36:05',538,539,0,0,0,1,4,1),
	(1772,73,'2018-01-17 03:54:38',538,540,5,8,3,0,3,2),
	(1773,73,'2017-10-05 22:10:59',538,541,7,3,3,0,1,0),
	(1774,73,'2018-04-08 09:23:48',538,542,1,4,1,0,4,2),
	(1775,73,'2017-12-17 19:14:30',538,543,1,0,3,1,4,1),
	(1776,73,'2018-03-15 03:32:26',538,544,7,0,1,0,3,2),
	(1777,73,'2018-06-24 13:20:47',538,545,5,4,1,0,0,1),
	(1778,73,'2018-02-19 18:28:12',538,546,6,4,2,2,4,2),
	(1779,73,'2018-01-10 14:56:37',538,547,0,3,1,2,0,2),
	(1780,73,'2017-10-24 19:11:03',538,548,2,2,2,0,1,2),
	(1781,73,'2017-09-17 00:15:44',538,549,8,5,3,1,3,1),
	(1782,73,'2018-08-05 14:36:42',538,550,3,3,4,2,0,2),
	(1783,73,'2017-10-09 21:43:45',538,551,5,5,1,1,1,1),
	(1784,73,'2018-04-25 03:03:28',538,552,8,6,4,1,2,2),
	(1785,73,'2018-08-03 12:09:45',539,538,0,0,4,0,4,0),
	(1786,73,'2017-08-10 03:52:37',539,540,5,8,3,0,2,0),
	(1787,73,'2018-02-03 16:07:39',539,541,7,4,2,0,2,2),
	(1788,73,'2018-02-13 00:04:46',539,542,3,5,1,2,2,0),
	(1789,73,'2018-04-05 05:19:18',539,543,2,3,3,0,0,1),
	(1790,73,'2017-10-10 09:06:38',539,544,1,7,4,1,1,1),
	(1791,73,'2017-09-13 23:07:35',539,545,2,8,0,1,4,0),
	(1792,73,'2018-07-16 00:55:09',539,546,4,3,1,0,0,2),
	(1793,73,'2018-04-06 03:38:29',539,547,7,3,1,0,2,2),
	(1794,73,'2018-03-05 21:05:41',539,548,4,0,4,1,0,2),
	(1795,73,'2018-08-05 19:09:55',539,549,7,2,2,0,4,2),
	(1796,73,'2018-01-06 14:37:09',539,550,5,5,4,2,3,2),
	(1797,73,'2018-02-04 00:54:49',539,551,8,6,1,2,3,0),
	(1798,73,'2018-03-19 16:25:50',539,552,2,6,3,2,4,2),
	(1799,73,'2018-02-09 01:02:19',540,538,8,0,2,1,1,0),
	(1800,73,'2017-10-12 01:05:15',540,539,1,0,1,0,4,1),
	(1801,73,'2018-05-17 08:53:44',540,541,4,2,2,1,1,0),
	(1802,73,'2018-06-19 19:48:08',540,542,7,4,4,0,3,0),
	(1803,73,'2018-06-29 23:13:46',540,543,5,2,0,0,1,0),
	(1804,73,'2017-09-21 14:46:27',540,544,6,2,3,2,1,2),
	(1805,73,'2018-05-04 12:35:05',540,545,1,8,0,1,3,0),
	(1806,73,'2017-09-28 15:40:41',540,546,7,2,4,1,0,2),
	(1807,73,'2018-06-28 00:48:40',540,547,5,1,0,0,3,0),
	(1808,73,'2018-01-27 04:03:49',540,548,5,3,1,0,4,1),
	(1809,73,'2018-07-18 04:09:32',540,549,4,6,2,1,1,2),
	(1810,73,'2018-05-21 23:39:19',540,550,5,2,2,2,2,1),
	(1811,73,'2017-09-27 10:28:46',540,551,1,1,4,1,4,2),
	(1812,73,'2017-09-03 02:36:15',540,552,3,3,2,0,2,0),
	(1813,73,'2017-10-04 08:26:59',541,538,5,1,1,1,4,2),
	(1814,73,'2017-10-13 07:26:52',541,539,1,5,0,2,4,1),
	(1815,73,'2017-08-24 11:32:45',541,540,8,8,3,1,2,1),
	(1816,73,'2017-09-05 17:34:05',541,542,2,7,1,1,3,1),
	(1817,73,'2017-08-13 01:00:49',541,543,7,0,2,2,3,2),
	(1818,73,'2018-03-27 13:13:09',541,544,5,8,2,0,0,2),
	(1819,73,'2018-05-02 09:33:29',541,545,8,6,1,2,2,1),
	(1820,73,'2018-07-15 13:31:49',541,546,4,6,1,1,1,0),
	(1821,73,'2017-08-21 15:34:11',541,547,2,5,1,2,0,2),
	(1822,73,'2018-04-21 06:50:45',541,548,6,7,2,1,1,1),
	(1823,73,'2018-07-29 11:02:56',541,549,4,6,2,0,3,1),
	(1824,73,'2017-11-24 06:16:11',541,550,7,2,0,2,4,1),
	(1825,73,'2018-07-22 10:31:13',541,551,3,3,1,1,1,0),
	(1826,73,'2017-12-27 07:55:22',541,552,7,5,0,0,3,1),
	(1827,73,'2018-02-07 08:23:50',542,538,0,7,4,1,3,0),
	(1828,73,'2017-08-10 05:16:54',542,539,5,8,0,2,4,0),
	(1829,73,'2017-11-22 16:51:14',542,540,8,6,0,1,0,1),
	(1830,73,'2018-04-08 01:55:56',542,541,8,5,2,1,1,0),
	(1831,73,'2017-09-04 13:13:55',542,543,0,3,4,1,3,0),
	(1832,73,'2018-06-02 15:16:23',542,544,6,2,1,0,3,0),
	(1833,73,'2018-02-20 17:12:18',542,545,0,1,2,1,1,1),
	(1834,73,'2018-01-30 02:14:28',542,546,2,8,1,2,3,1),
	(1835,73,'2017-12-03 07:49:02',542,547,4,8,2,1,4,2),
	(1836,73,'2017-09-03 03:52:13',542,548,6,1,0,1,0,0),
	(1837,73,'2017-09-27 22:26:47',542,549,4,5,0,0,3,1),
	(1838,73,'2018-06-17 16:14:47',542,550,2,4,2,2,0,1),
	(1839,73,'2017-10-03 22:20:13',542,551,8,7,1,1,1,2),
	(1840,73,'2018-06-22 03:23:20',542,552,6,1,4,0,2,1),
	(1841,73,'2018-01-06 00:22:54',543,538,2,7,3,1,1,1),
	(1842,73,'2017-10-28 05:19:03',543,539,5,2,2,0,1,1),
	(1843,73,'2017-12-04 19:03:54',543,540,1,5,0,1,3,2),
	(1844,73,'2018-03-07 04:25:34',543,541,2,1,0,2,1,2),
	(1845,73,'2017-12-08 09:41:02',543,542,6,4,1,0,4,0),
	(1846,73,'2018-02-19 09:44:53',543,544,2,2,1,1,2,0),
	(1847,73,'2017-10-24 12:35:29',543,545,5,3,1,0,2,2),
	(1848,73,'2018-05-12 14:13:47',543,546,6,2,2,1,1,1),
	(1849,73,'2018-05-14 11:11:59',543,547,0,8,4,2,3,1),
	(1850,73,'2017-10-11 01:55:13',543,548,6,0,1,1,4,0),
	(1851,73,'2018-06-16 15:40:53',543,549,8,8,4,2,1,2),
	(1852,73,'2017-09-24 18:47:52',543,550,5,6,0,1,0,2),
	(1853,73,'2018-01-09 02:10:21',543,551,0,2,3,0,0,0),
	(1854,73,'2018-05-20 04:27:44',543,552,7,4,1,0,3,2),
	(1855,73,'2018-05-22 17:54:07',544,538,3,4,4,2,0,1),
	(1856,73,'2018-02-18 11:03:16',544,539,3,1,0,1,1,2),
	(1857,73,'2018-04-04 12:12:14',544,540,8,0,3,1,0,2),
	(1858,73,'2018-07-20 15:06:19',544,541,5,2,4,0,2,2),
	(1859,73,'2017-12-31 19:52:34',544,542,2,7,3,1,1,0),
	(1860,73,'2018-05-22 16:11:37',544,543,2,5,1,0,0,1),
	(1861,73,'2018-03-23 08:45:00',544,545,0,3,0,2,4,2),
	(1862,73,'2017-10-26 15:56:29',544,546,6,0,0,2,4,2),
	(1863,73,'2017-08-10 04:38:22',544,547,5,4,4,0,4,2),
	(1864,73,'2018-01-14 14:07:29',544,548,3,5,0,0,4,2),
	(1865,73,'2017-11-18 12:23:41',544,549,2,1,1,0,3,1),
	(1866,73,'2017-12-30 02:47:17',544,550,8,2,1,0,4,1),
	(1867,73,'2017-11-08 13:37:14',544,551,5,3,2,0,0,2),
	(1868,73,'2018-07-20 09:30:57',544,552,0,3,4,2,0,1),
	(1869,73,'2018-01-30 22:41:06',545,538,4,8,1,0,3,1),
	(1870,73,'2018-06-06 22:02:53',545,539,8,0,4,1,3,1),
	(1871,73,'2018-02-07 06:44:21',545,540,0,6,4,1,4,1),
	(1872,73,'2018-01-15 11:40:34',545,541,2,8,1,1,2,1),
	(1873,73,'2017-12-20 15:32:34',545,542,4,2,0,0,4,1),
	(1874,73,'2018-02-14 22:33:45',545,543,2,2,4,0,1,2),
	(1875,73,'2018-07-04 23:04:23',545,544,8,1,0,2,3,0),
	(1876,73,'2017-11-17 23:55:16',545,546,1,5,3,0,4,1),
	(1877,73,'2017-11-06 02:36:32',545,547,7,8,2,0,0,2),
	(1878,73,'2017-12-06 12:19:22',545,548,4,0,4,1,4,1),
	(1879,73,'2017-08-23 02:10:40',545,549,2,1,2,1,3,1),
	(1880,73,'2017-11-04 09:44:37',545,550,4,8,1,0,1,0),
	(1881,73,'2018-02-25 21:32:17',545,551,3,0,0,2,0,2),
	(1882,73,'2018-07-12 10:51:05',545,552,3,6,0,2,3,0),
	(1883,73,'2018-05-15 00:37:52',546,538,1,4,3,2,0,2),
	(1884,73,'2018-01-30 12:51:21',546,539,2,7,3,0,1,0),
	(1885,73,'2017-11-25 18:29:32',546,540,8,6,1,0,2,0),
	(1886,73,'2017-10-12 16:35:32',546,541,5,4,2,1,3,0),
	(1887,73,'2017-10-27 17:35:04',546,542,2,3,2,2,1,2),
	(1888,73,'2018-07-16 06:18:49',546,543,7,4,0,0,3,1),
	(1889,73,'2018-07-11 02:40:32',546,544,0,1,3,1,1,1),
	(1890,73,'2017-09-01 04:58:22',546,545,4,0,4,2,0,0),
	(1891,73,'2017-08-16 02:14:18',546,547,8,0,3,1,2,0),
	(1892,73,'2018-07-12 21:11:29',546,548,2,4,1,0,3,1),
	(1893,73,'2018-02-01 03:42:24',546,549,8,1,4,2,2,0),
	(1894,73,'2018-07-13 00:54:48',546,550,2,5,2,1,2,1),
	(1895,73,'2017-12-24 03:53:27',546,551,0,6,4,1,4,1),
	(1896,73,'2018-02-21 10:05:22',546,552,6,2,0,2,3,0),
	(1897,73,'2018-04-23 15:59:50',547,538,2,2,3,2,3,2),
	(1898,73,'2018-05-19 00:35:31',547,539,4,0,3,2,0,0),
	(1899,73,'2017-12-08 16:55:00',547,540,3,3,0,1,2,0),
	(1900,73,'2017-12-07 03:41:03',547,541,0,3,0,2,3,2),
	(1901,73,'2018-04-25 05:16:14',547,542,0,7,0,0,0,2),
	(1902,73,'2018-05-17 13:47:51',547,543,6,1,3,0,4,1),
	(1903,73,'2018-06-27 23:05:12',547,544,2,1,4,1,0,2),
	(1904,73,'2018-02-08 15:17:31',547,545,3,8,3,0,1,1),
	(1905,73,'2017-12-17 09:22:50',547,546,1,6,2,0,1,1),
	(1906,73,'2017-09-14 11:09:29',547,548,0,4,1,0,4,1),
	(1907,73,'2017-12-24 01:14:50',547,549,5,3,3,2,3,0),
	(1908,73,'2018-03-15 14:21:54',547,550,6,7,4,0,3,2),
	(1909,73,'2017-10-07 23:59:54',547,551,3,8,1,1,2,2),
	(1910,73,'2018-05-12 16:44:33',547,552,7,2,3,1,1,0),
	(1911,73,'2018-05-21 05:17:29',548,538,7,1,4,0,0,0),
	(1912,73,'2018-01-20 06:28:22',548,539,5,3,1,2,1,1),
	(1913,73,'2018-03-12 08:51:34',548,540,4,0,2,2,1,0),
	(1914,73,'2018-07-08 08:35:36',548,541,8,6,2,0,2,2),
	(1915,73,'2017-10-30 11:29:02',548,542,1,5,4,2,1,2),
	(1916,73,'2018-03-12 09:47:58',548,543,7,4,3,1,2,1),
	(1917,73,'2017-12-12 12:35:40',548,544,7,3,1,2,4,1),
	(1918,73,'2018-05-19 21:54:04',548,545,2,7,3,1,1,1),
	(1919,73,'2018-04-26 17:00:33',548,546,3,6,4,2,1,0),
	(1920,73,'2017-09-12 20:06:54',548,547,7,3,1,1,4,1),
	(1921,73,'2018-01-14 20:04:16',548,549,3,1,0,0,3,0),
	(1922,73,'2017-12-19 22:21:58',548,550,6,4,4,0,2,0),
	(1923,73,'2018-06-04 18:03:56',548,551,5,2,2,0,2,1),
	(1924,73,'2018-03-01 03:09:52',548,552,6,4,1,1,1,2),
	(1925,73,'2018-06-05 18:09:18',549,538,3,1,4,2,4,0),
	(1926,73,'2018-07-20 05:28:54',549,539,5,0,3,1,2,2),
	(1927,73,'2018-03-25 19:11:35',549,540,4,6,4,0,1,0),
	(1928,73,'2018-01-07 09:55:57',549,541,8,6,0,0,2,1),
	(1929,73,'2018-01-18 22:24:14',549,542,4,4,3,0,4,1),
	(1930,73,'2018-07-23 06:07:12',549,543,8,0,3,1,0,1),
	(1931,73,'2017-09-07 16:09:53',549,544,4,8,1,1,1,0),
	(1932,73,'2018-04-25 18:56:01',549,545,5,4,4,0,0,2),
	(1933,73,'2018-04-14 00:30:30',549,546,4,4,2,1,4,1),
	(1934,73,'2017-08-29 13:03:03',549,547,0,2,3,1,4,2),
	(1935,73,'2017-12-11 15:37:03',549,548,8,3,4,0,0,0),
	(1936,73,'2018-05-26 03:19:54',549,550,2,5,3,2,2,2),
	(1937,73,'2018-08-03 01:49:39',549,551,5,6,3,0,0,2),
	(1938,73,'2018-03-12 22:07:57',549,552,1,5,4,2,3,2),
	(1939,73,'2017-09-06 19:57:20',550,538,0,5,0,2,0,2),
	(1940,73,'2017-11-13 11:12:40',550,539,8,7,0,1,4,2),
	(1941,73,'2018-04-01 17:45:16',550,540,1,5,0,1,3,0),
	(1942,73,'2017-09-12 13:34:12',550,541,6,3,0,2,0,2),
	(1943,73,'2017-12-18 10:26:45',550,542,3,0,2,2,1,0),
	(1944,73,'2018-01-30 16:18:06',550,543,1,6,1,1,3,1),
	(1945,73,'2018-03-13 15:37:39',550,544,3,8,4,2,4,2),
	(1946,73,'2018-01-04 16:23:47',550,545,0,0,3,0,0,0),
	(1947,73,'2018-03-08 18:33:38',550,546,2,6,0,1,4,0),
	(1948,73,'2018-03-28 10:35:19',550,547,1,7,2,2,0,2),
	(1949,73,'2018-06-23 17:51:38',550,548,1,8,1,2,0,2),
	(1950,73,'2017-10-17 20:36:24',550,549,4,4,1,2,2,2),
	(1951,73,'2018-06-18 09:13:41',550,551,1,5,1,1,0,2),
	(1952,73,'2017-12-16 12:23:00',550,552,0,3,3,2,2,1),
	(1953,73,'2017-11-11 21:03:48',551,538,3,5,3,0,3,0),
	(1954,73,'2017-09-14 06:42:24',551,539,3,6,1,1,3,2),
	(1955,73,'2017-09-19 00:33:35',551,540,2,0,3,1,1,1),
	(1956,73,'2018-02-26 01:02:00',551,541,1,6,0,0,4,1),
	(1957,73,'2018-03-22 17:46:50',551,542,5,7,4,1,1,1),
	(1958,73,'2018-06-18 23:26:01',551,543,8,3,4,2,2,1),
	(1959,73,'2018-05-19 14:16:19',551,544,1,1,1,0,3,1),
	(1960,73,'2018-07-14 23:33:56',551,545,3,0,0,1,2,2),
	(1961,73,'2018-04-16 07:59:28',551,546,0,0,0,2,1,2),
	(1962,73,'2018-07-02 05:30:16',551,547,7,7,4,2,2,0),
	(1963,73,'2018-07-25 04:06:51',551,548,5,2,3,0,2,1),
	(1964,73,'2018-04-26 05:34:51',551,549,8,3,0,1,1,0),
	(1965,73,'2018-07-09 15:21:02',551,550,0,2,2,2,3,2),
	(1966,73,'2017-09-11 15:11:23',551,552,2,0,0,2,4,0),
	(1967,73,'2018-01-07 13:20:38',552,538,0,1,3,2,4,1),
	(1968,73,'2017-08-27 00:04:50',552,539,6,7,3,1,1,2),
	(1969,73,'2018-01-05 23:06:04',552,540,2,2,4,0,3,0),
	(1970,73,'2018-07-14 06:20:30',552,541,7,6,4,0,4,1),
	(1971,73,'2018-03-30 00:33:10',552,542,7,3,3,1,1,1),
	(1972,73,'2017-12-31 03:14:57',552,543,6,5,4,0,4,2),
	(1973,73,'2018-03-07 12:16:54',552,544,6,1,4,2,1,1),
	(1974,73,'2017-10-13 07:05:39',552,545,0,0,1,1,3,1),
	(1975,73,'2017-12-29 15:29:57',552,546,4,5,4,2,1,0),
	(1976,73,'2017-08-30 08:42:46',552,547,6,1,2,2,4,0),
	(1977,73,'2017-11-30 22:33:29',552,548,1,3,2,1,4,2),
	(1978,73,'2017-08-13 10:00:41',552,549,5,6,4,0,2,1),
	(1979,73,'2017-10-24 17:31:57',552,550,5,2,0,0,3,2),
	(1980,73,'2018-01-07 21:20:32',552,551,1,2,1,1,3,1);

/*!40000 ALTER TABLE `league_match` ENABLE KEYS */;
UNLOCK TABLES;


# Dump of table league_team
# ------------------------------------------------------------

DROP TABLE IF EXISTS `league_team`;

CREATE TABLE `league_team` (
  `id` int(11) NOT NULL AUTO_INCREMENT,
  `league_id` int(11) NOT NULL,
  `team_id` int(11) NOT NULL,
  PRIMARY KEY (`id`),
  KEY `IDX_2E3F061E58AFC4DE` (`league_id`),
  KEY `IDX_2E3F061E296CD8AE` (`team_id`),
  CONSTRAINT `FK_2E3F061E296CD8AE` FOREIGN KEY (`team_id`) REFERENCES `team` (`id`),
  CONSTRAINT `FK_2E3F061E58AFC4DE` FOREIGN KEY (`league_id`) REFERENCES `league` (`id`)
) ENGINE=InnoDB DEFAULT CHARSET=utf8mb4 COLLATE=utf8mb4_unicode_ci;

LOCK TABLES `league_team` WRITE;
/*!40000 ALTER TABLE `league_team` DISABLE KEYS */;

INSERT INTO `league_team` (`id`, `league_id`, `team_id`)
VALUES
	(325,72,533),
	(326,72,534),
	(327,72,535),
	(328,72,536),
	(329,72,537),
	(330,73,538),
	(331,73,539),
	(332,73,540),
	(333,73,541),
	(334,73,542),
	(335,73,543),
	(336,73,544),
	(337,73,545),
	(338,73,546),
	(339,73,547),
	(340,73,548),
	(341,73,549),
	(342,73,550),
	(343,73,551),
	(344,73,552);

/*!40000 ALTER TABLE `league_team` ENABLE KEYS */;
UNLOCK TABLES;


# Dump of table player
# ------------------------------------------------------------

DROP TABLE IF EXISTS `player`;

CREATE TABLE `player` (
  `id` int(11) NOT NULL AUTO_INCREMENT,
  `name` varchar(255) COLLATE utf8mb4_unicode_ci NOT NULL,
  `age` int(11) NOT NULL,
  `height_cm` int(11) NOT NULL,
  PRIMARY KEY (`id`)
) ENGINE=InnoDB DEFAULT CHARSET=utf8mb4 COLLATE=utf8mb4_unicode_ci;

LOCK TABLES `player` WRITE;
/*!40000 ALTER TABLE `player` DISABLE KEYS */;

INSERT INTO `player` (`id`, `name`, `age`, `height_cm`)
VALUES
	(3421,'Dr. Evans Gerlach DDS',19,197),
	(3422,'Luciano Greenfelder DDS',21,196),
	(3423,'Gus Ebert IV',29,200),
	(3424,'Dean O\'Hara DDS',22,173),
	(3425,'Shaun Rodriguez',26,164),
	(3426,'Mr. Nigel Crist',19,161),
	(3427,'Maximilian Schmidt',24,193),
	(3428,'Keagan Christiansen',24,176),
	(3429,'Prof. Heber Fadel',22,195),
	(3430,'Brenden Zboncak',23,191),
	(3431,'Dr. Colton Shanahan',28,184),
	(3432,'Keshawn VonRueden',23,161),
	(3433,'Hillard Weissnat Jr.',33,186),
	(3434,'Edgardo Donnelly',27,184),
	(3435,'Arturo Tremblay',30,169),
	(3436,'Kendall Hyatt',32,176),
	(3437,'Dewayne O\'Kon',23,200),
	(3438,'Cielo Gislason',31,199),
	(3439,'Prof. Levi Harris',24,183),
	(3440,'Harry Senger DDS',33,194),
	(3441,'Antone Kuhn',27,168),
	(3442,'Selmer Schoen II',30,167),
	(3443,'Mr. Morton Gulgowski',30,172),
	(3444,'Elton Wisozk',33,179),
	(3445,'Prof. Jace Gerhold',32,200),
	(3446,'Prof. Shayne Predovic III',30,190),
	(3447,'Dr. Johnpaul Littel III',23,190),
	(3448,'Jerrold Graham',31,190),
	(3449,'Armando Stamm',22,193),
	(3450,'Theron Miller II',31,169),
	(3451,'Elmer Brekke',35,175),
	(3452,'Rocky Steuber',35,184),
	(3453,'Aurelio Ward',29,191),
	(3454,'Hilbert Jaskolski DVM',35,191),
	(3455,'Dr. Branson Schowalter',20,196),
	(3456,'Prof. Jaquan Franecki PhD',35,160),
	(3457,'Jerome Nicolas',29,199),
	(3458,'Alec Streich',26,189),
	(3459,'Emmitt Gulgowski',27,176),
	(3460,'Elliot Sporer',29,170),
	(3461,'Jonathon Dare DDS',19,188),
	(3462,'Jedediah Pacocha',34,172),
	(3463,'Loy Purdy II',27,193),
	(3464,'Prof. David Conroy V',22,198),
	(3465,'Conor Carroll III',35,165),
	(3466,'Hollis Considine',21,186),
	(3467,'Sammy Harris',32,164),
	(3468,'Vern Braun',22,177),
	(3469,'Sage Gusikowski Sr.',26,181),
	(3470,'Torrance Dibbert',27,185),
	(3471,'Alvah Renner',27,187),
	(3472,'Trace Bogisich',20,167),
	(3473,'Ian Runolfsson',31,181),
	(3474,'Mr. Arnaldo Padberg II',28,198),
	(3475,'Janick Stracke',30,164),
	(3476,'Fletcher Cole',29,164),
	(3477,'Dr. Blake Padberg DDS',19,197),
	(3478,'Prof. Geovanny O\'Hara PhD',26,179),
	(3479,'Prof. Casey Mosciski PhD',28,175),
	(3480,'Prof. Jerrold Howell DVM',34,194),
	(3481,'Wilfredo Hartmann',20,198),
	(3482,'Lloyd Leffler V',30,176),
	(3483,'Mr. Rashawn Hane',35,198),
	(3484,'Benny Turcotte',26,165),
	(3485,'Mr. Dominic Oberbrunner IV',28,176),
	(3486,'Marcus Waters',24,182),
	(3487,'Soledad O\'Connell',27,167),
	(3488,'Gayle Wunsch I',33,173),
	(3489,'Dr. Rodger Wolf',29,189),
	(3490,'Mr. Orlando Bradtke',34,189),
	(3491,'Prof. Dagmar Murray DDS',30,167),
	(3492,'Gilbert Hackett',23,160),
	(3493,'Mr. Owen Spinka III',32,182),
	(3494,'Jovani Roberts',34,171),
	(3495,'Demetrius Cruickshank',28,165);

/*!40000 ALTER TABLE `player` ENABLE KEYS */;
UNLOCK TABLES;


# Dump of table team
# ------------------------------------------------------------

DROP TABLE IF EXISTS `team`;

CREATE TABLE `team` (
  `id` int(11) NOT NULL AUTO_INCREMENT,
  `name` varchar(255) COLLATE utf8mb4_unicode_ci NOT NULL,
  `strip` varchar(255) COLLATE utf8mb4_unicode_ci NOT NULL,
  `club_address` varchar(255) COLLATE utf8mb4_unicode_ci NOT NULL,
  PRIMARY KEY (`id`)
) ENGINE=InnoDB DEFAULT CHARSET=utf8mb4 COLLATE=utf8mb4_unicode_ci;

LOCK TABLES `team` WRITE;
/*!40000 ALTER TABLE `team` DISABLE KEYS */;

INSERT INTO `team` (`id`, `name`, `strip`, `club_address`)
VALUES
	(533,'Ipswich Town','Chocolate and Teal','234 Connie Mews Apt. 364\nNorth Magdalenburgh, MI 74712'),
	(534,'QPR','PapayaWhip and ForestGreen','6630 Rodrick Ville Suite 593\nHarberberg, AZ 08785-5159'),
	(535,'Manchester City','MediumPurple and Magenta','65207 Feest Row Apt. 128\nWilliamsonmouth, MT 63238-6671'),
	(536,'Wigan','DarkSlateBlue and BlueViolet','5513 Bahringer Rue Suite 708\nRathville, OK 15915-3311'),
	(537,'Portsmouth','Olive and BlanchedAlmond','9139 Treva Skyway Apt. 081\nLake Henriette, VT 08619'),
	(538,'Jamaica','Yellow and Orchid','887 Muller Ridges\nNorth Alec, MN 88429'),
	(539,'Gabon','Plum and Linen','4994 Lenora Burgs Apt. 266\nBrodyhaven, NH 50451-5207'),
	(540,'Cook Islands','LightGreen and BlanchedAlmond','1185 Welch Wall Suite 926\nNew Gust, TX 97876-5269'),
	(541,'Saint Kitts and Nevis','LimeGreen and Yellow','55228 Samantha Bridge Suite 119\nEast Daltonbury, UT 16586-3422'),
	(542,'Aruba','Gold and Yellow','9001 Rempel Mountains Suite 027\nAbbigailhaven, LA 34661'),
	(543,'Hong Kong','LightGreen and DarkSeaGreen','31290 Moen Village\nEast Elmore, VA 50359'),
	(544,'Ghana','LightSalmon and MediumBlue','3543 Cummings Mall Apt. 170\nWest Reubenberg, VT 91602'),
	(545,'Japan','Bisque and Turquoise','538 Jast Pine\nJoeberg, CA 57584'),
	(546,'Equatorial Guinea','Tan and MediumAquaMarine','47498 Bailee Gateway Suite 019\nAlyciaville, FL 51701-7491'),
	(547,'Azerbaijan','OrangeRed and PaleTurquoise','9863 Reichel Trail Suite 171\nLyricbury, PA 15032'),
	(548,'Puerto Rico','DarkCyan and DarkGreen','62011 Willms Spring Suite 606\nKertzmannhaven, AR 80616-9264'),
	(549,'Cayman Islands','DarkOliveGreen and Chocolate','45567 Kasandra Spur\nLake Petra, WY 15939'),
	(550,'United States Minor Outlying Islands','LawnGreen and LightCyan','877 Schaden Bridge\nTreutelside, SC 78011-0416'),
	(551,'Sweden','Olive and Beige','25070 Stokes Camp\nTessfort, ID 07654'),
	(552,'Falkland Islands (Malvinas)','HotPink and DarkMagenta','772 Anahi Street Apt. 404\nAnnamarieville, FL 11984-8127');

/*!40000 ALTER TABLE `team` ENABLE KEYS */;
UNLOCK TABLES;


# Dump of table team_player
# ------------------------------------------------------------

DROP TABLE IF EXISTS `team_player`;

CREATE TABLE `team_player` (
  `team_id` int(11) NOT NULL,
  `player_id` int(11) NOT NULL,
  PRIMARY KEY (`team_id`,`player_id`),
  KEY `IDX_EE023DBC296CD8AE` (`team_id`),
  KEY `IDX_EE023DBC99E6F5DF` (`player_id`),
  CONSTRAINT `FK_EE023DBC296CD8AE` FOREIGN KEY (`team_id`) REFERENCES `team` (`id`) ON DELETE CASCADE,
  CONSTRAINT `FK_EE023DBC99E6F5DF` FOREIGN KEY (`player_id`) REFERENCES `player` (`id`) ON DELETE CASCADE
) ENGINE=InnoDB DEFAULT CHARSET=utf8mb4 COLLATE=utf8mb4_unicode_ci;

LOCK TABLES `team_player` WRITE;
/*!40000 ALTER TABLE `team_player` DISABLE KEYS */;

INSERT INTO `team_player` (`team_id`, `player_id`)
VALUES
	(533,3421),
	(533,3422),
	(533,3423),
	(533,3424),
	(533,3425),
	(533,3426),
	(533,3427),
	(533,3428),
	(533,3429),
	(533,3430),
	(533,3431),
	(533,3432),
	(533,3433),
	(533,3434),
	(533,3435),
	(534,3436),
	(534,3437),
	(534,3438),
	(534,3439),
	(534,3440),
	(534,3441),
	(534,3442),
	(534,3443),
	(534,3444),
	(534,3445),
	(534,3446),
	(534,3447),
	(534,3448),
	(534,3449),
	(534,3450),
	(535,3451),
	(535,3452),
	(535,3453),
	(535,3454),
	(535,3455),
	(535,3456),
	(535,3457),
	(535,3458),
	(535,3459),
	(535,3460),
	(535,3461),
	(535,3462),
	(535,3463),
	(535,3464),
	(535,3465),
	(536,3466),
	(536,3467),
	(536,3468),
	(536,3469),
	(536,3470),
	(536,3471),
	(536,3472),
	(536,3473),
	(536,3474),
	(536,3475),
	(536,3476),
	(536,3477),
	(536,3478),
	(536,3479),
	(536,3480),
	(537,3481),
	(537,3482),
	(537,3483),
	(537,3484),
	(537,3485),
	(537,3486),
	(537,3487),
	(537,3488),
	(537,3489),
	(537,3490),
	(537,3491),
	(537,3492),
	(537,3493),
	(537,3494),
	(537,3495);

/*!40000 ALTER TABLE `team_player` ENABLE KEYS */;
UNLOCK TABLES;


# Dump of table user
# ------------------------------------------------------------

DROP TABLE IF EXISTS `user`;

CREATE TABLE `user` (
  `id` int(11) NOT NULL AUTO_INCREMENT,
  `username` varchar(255) COLLATE utf8mb4_unicode_ci NOT NULL,
  `api_key` varchar(255) COLLATE utf8mb4_unicode_ci NOT NULL,
  PRIMARY KEY (`id`),
  UNIQUE KEY `UNIQ_8D93D649F85E0677` (`username`),
  UNIQUE KEY `UNIQ_8D93D649C912ED9D` (`api_key`)
) ENGINE=InnoDB DEFAULT CHARSET=utf8mb4 COLLATE=utf8mb4_unicode_ci;




/*!40111 SET SQL_NOTES=@OLD_SQL_NOTES */;
/*!40101 SET SQL_MODE=@OLD_SQL_MODE */;
/*!40014 SET FOREIGN_KEY_CHECKS=@OLD_FOREIGN_KEY_CHECKS */;
/*!40101 SET CHARACTER_SET_CLIENT=@OLD_CHARACTER_SET_CLIENT */;
/*!40101 SET CHARACTER_SET_RESULTS=@OLD_CHARACTER_SET_RESULTS */;
/*!40101 SET COLLATION_CONNECTION=@OLD_COLLATION_CONNECTION */;
